0,0,0,0,0,3,3,3,6,6,7,5,3,2,2,0,1,1,29,31,31,32,1,2,2,2,2,2,2,3,2,30,8,25,25,21,20,0,3,4,7,7,6,6,5,4,3,0,0,0,TShirt
0,0,0,0,0,2,3,5,6,7,7,7,5,3,4,23,17,18,26,27,0,1,1,1,1,1,1,1,1,6,5,6,29,28,26,19,22,2,2,3,5,8,7,7,6,4,2,2,0,0,TShirt
0,0,0,0,0,0,0,0,0,0,45,43,20,39,49,49,49,49,49,49,49,49,49,49,49,49,49,49,49,49,49,49,49,49,49,49,49,29,0,0,0,0,0,0,0,0,0,0,0,0,TShirt
0,0,0,0,0,0,0,48,49,48,48,45,18,49,49,49,49,49,49,49,49,49,49,49,49,49,49,49,49,49,49,49,49,49,49,49,49,49,49,49,49,49,49,49,16,2,0,0,0,0,TShirt
0,0,0,0,0,0,0,0,0,0,0,45,43,2,49,49,49,49,49,49,26,25,26,26,26,26,26,26,26,26,26,0,24,0,0,49,49,0,0,0,40,0,0,0,0,0,0,0,0,0,TShirt
0,0,0,0,0,0,0,39,0,0,42,41,4,33,49,49,49,49,49,49,49,49,49,49,49,49,49,49,25,25,27,21,0,0,49,49,0,0,0,0,0,0,0,0,0,0,0,0,0,0,TShirt
0,0,0,0,0,0,0,0,0,38,0,0,40,1,3,49,38,28,18,0,17,17,17,9,9,6,6,9,9,7,10,9,0,0,18,40,49,48,0,0,0,0,0,0,0,0,0,0,0,0,TShirt
0,0,0,0,0,0,0,0,0,0,0,3,6,7,49,44,41,26,26,26,41,41,49,49,44,45,49,49,49,49,42,42,42,41,44,47,8,7,5,0,0,0,0,0,0,0,0,0,0,0,TShirt
0,0,0,0,0,0,0,0,39,29,44,41,40,37,49,49,49,49,49,49,49,49,49,49,49,49,49,49,49,49,49,49,49,49,49,49,49,49,33,38,41,30,30,0,0,0,0,0,0,0,TShirt
0,0,0,0,0,0,49,33,47,44,1,0,8,49,49,49,49,49,49,49,49,49,49,49,6,10,9,8,10,49,49,49,49,49,49,49,49,49,0,3,41,43,45,37,46,0,0,0,0,0,TShirt
0,0,0,0,0,0,0,0,0,0,30,44,42,41,49,49,49,49,49,49,49,49,49,49,49,49,49,49,49,49,49,49,49,49,49,49,49,49,49,33,40,45,30,30,0,0,0,0,0,0,TShirt
0,0,0,0,0,0,0,0,0,43,42,3,36,33,32,0,0,0,0,10,10,7,10,10,6,6,10,9,7,10,10,0,0,0,0,0,0,32,0,40,44,0,0,0,0,0,0,0,0,0,TShirt
0,0,0,0,0,0,0,0,41,0,45,42,41,47,49,49,49,49,49,49,49,49,49,49,49,49,49,49,49,49,49,49,49,49,49,49,49,49,49,34,42,30,30,3,0,0,0,0,0,0,TShirt
0,0,0,0,0,0,0,0,0,0,0,0,0,0,0,0,0,0,7,4,6,4,7,7,4,4,7,6,4,9,10,0,0,0,0,0,0,0,0,0,0,0,0,0,0,0,0,0,0,0,TShirt
0,0,0,0,0,0,0,0,49,49,49,44,42,49,44,42,34,42,42,14,20,20,20,20,20,14,45,45,14,0,45,45,0,32,32,34,35,49,49,49,48,2,0,0,0,0,0,0,0,0,TShirt
0,0,0,0,0,0,0,0,0,49,47,49,49,40,15,49,49,49,49,49,49,49,49,49,49,49,49,49,49,49,49,49,49,49,49,49,27,26,47,49,49,15,9,0,0,0,0,0,0,0,TShirt
0,0,0,0,0,0,0,0,0,0,0,0,0,0,0,49,49,44,43,43,43,43,48,49,49,49,45,49,49,49,49,49,47,47,0,0,49,0,0,0,0,0,0,0,0,0,0,0,0,0,TShirt
0,0,0,0,0,0,0,0,0,0,48,49,46,44,42,40,49,49,49,49,49,49,49,49,49,49,49,49,49,49,49,49,49,49,49,49,49,49,36,47,49,48,5,0,0,0,0,0,0,0,TShirt
0,0,0,0,0,0,49,49,49,14,11,8,49,49,49,49,49,49,49,49,49,49,49,49,49,49,49,49,49,49,49,49,49,49,49,49,49,2,35,49,49,49,49,8,0,0,0,0,0,0,TShirt
0,0,0,0,0,0,0,0,0,0,49,49,49,45,19,18,37,49,49,49,49,49,49,49,49,49,49,49,49,49,49,49,49,49,49,49,49,49,49,34,35,49,49,49,15,4,0,0,0,0,TShirt
0,0,0,0,0,1,2,4,5,5,6,6,6,6,6,6,8,11,28,28,1,0,0,1,1,0,0,0,0,0,29,0,0,0,0,28,10,7,6,7,6,6,6,5,5,4,1,0,0,0,TShirt
0,0,0,0,1,2,4,5,6,7,8,8,7,7,7,10,21,28,29,29,30,30,31,31,31,31,31,31,31,31,31,30,29,29,28,27,9,7,7,7,7,8,7,7,6,4,3,1,0,0,TShirt
0,0,0,0,0,0,0,0,0,0,0,0,6,15,12,49,49,49,49,49,49,49,49,49,49,49,49,49,49,49,49,49,49,49,49,49,49,27,9,0,0,0,0,0,0,0,0,0,0,0,TShirt
0,0,0,0,0,0,0,0,49,49,49,49,43,19,36,49,49,49,49,49,49,49,49,49,49,49,49,49,49,49,49,49,49,49,49,49,49,49,36,20,21,48,48,48,46,0,0,0,0,0,TShirt
0,0,0,0,0,0,0,0,7,19,26,49,49,49,48,48,48,49,49,49,49,49,49,49,49,49,49,49,49,49,49,49,49,49,49,49,49,49,42,46,48,48,48,0,0,0,0,0,0,0,TShirt
0,0,0,0,0,0,0,1,45,49,49,49,48,48,48,49,49,49,49,49,49,49,49,49,49,49,49,49,49,49,49,49,49,49,49,49,49,32,40,44,47,31,44,0,0,0,0,0,0,0,TShirt
0,0,0,0,0,0,0,6,49,49,49,48,48,48,49,49,49,49,49,49,49,49,49,49,49,49,49,49,49,49,49,49,49,49,49,49,49,18,22,49,49,49,49,1,0,0,0,0,0,0,TShirt
0,0,0,0,0,0,0,0,0,49,49,48,19,44,49,49,49,49,49,49,49,49,49,49,49,48,48,48,49,49,49,49,49,49,49,49,49,35,7,44,47,46,47,0,0,0,0,0,0,0,TShirt
0,0,0,0,0,0,0,0,1,19,22,23,49,49,47,49,49,49,49,49,49,49,49,49,49,49,49,49,49,49,49,49,49,48,48,49,49,49,49,48,49,39,0,0,0,0,0,0,0,0,TShirt
0,0,0,0,0,0,0,0,7,49,28,45,48,48,49,49,49,49,49,49,49,49,49,49,49,49,49,49,49,49,49,49,49,49,49,49,49,0,3,43,0,0,42,0,0,0,0,0,0,0,TShirt
0,0,0,0,0,0,0,0,15,48,30,45,27,48,48,49,49,49,49,49,49,49,49,49,49,49,49,49,49,49,49,49,49,49,49,47,30,11,42,29,29,0,0,0,0,0,0,0,0,0,TShirt
0,0,0,0,0,0,0,46,49,48,31,43,49,49,49,49,49,49,49,49,49,49,49,49,49,49,49,49,49,49,49,49,49,49,49,49,32,14,15,22,22,28,0,0,0,0,0,0,0,0,TShirt
0,0,0,0,0,0,0,0,0,5,12,4,49,0,0,0,0,0,0,0,10,17,18,13,10,5,5,10,49,49,49,49,49,49,49,49,0,0,0,0,0,0,0,0,0,0,0,0,0,0,TShirt
0,0,0,0,0,0,0,0,13,49,48,28,47,48,49,49,49,49,49,49,49,49,49,49,49,49,49,49,49,49,49,49,49,49,49,49,34,19,22,47,47,47,47,43,0,0,0,0,0,0,TShirt
0,0,0,0,0,0,0,0,0,0,47,49,0,0,47,48,49,49,49,19,17,18,48,48,48,22,20,48,48,16,47,49,49,49,49,49,49,49,49,0,0,0,0,0,0,0,0,0,0,0,TShirt
0,0,0,0,0,0,0,0,0,48,49,31,45,47,49,49,49,49,49,49,49,49,49,49,49,49,49,49,49,49,49,49,49,49,49,49,49,49,33,21,42,45,29,0,0,0,0,0,0,0,TShirt
0,0,0,0,0,0,0,0,0,49,43,34,2,0,0,0,49,49,49,49,49,49,49,49,49,49,49,49,49,49,49,49,49,49,49,49,48,47,47,46,46,44,0,0,0,0,0,0,0,0,TShirt
0,0,0,0,0,0,0,0,0,0,0,27,25,46,46,40,46,46,45,45,49,49,35,44,43,49,49,46,45,45,45,45,45,49,48,24,10,9,9,8,17,3,0,0,0,0,0,0,0,0,TShirt
0,0,0,0,0,0,0,0,49,38,45,43,46,49,49,49,49,49,49,49,49,49,49,49,49,49,49,49,49,49,49,49,49,49,49,49,49,33,39,46,31,8,4,0,0,0,0,0,0,0,TShirt
0,0,0,0,0,0,0,0,49,49,33,45,42,40,49,49,49,49,49,49,49,49,49,49,49,49,49,49,49,49,49,49,49,49,49,49,49,49,34,42,46,49,22,14,0,0,0,0,0,0,TShirt
0,0,0,0,0,0,0,0,49,46,34,45,21,41,49,49,49,49,49,49,49,49,49,49,49,49,49,49,49,49,49,49,49,49,49,49,49,49,32,34,41,47,31,31,1,0,0,0,0,0,TShirt
0,0,0,0,0,0,0,0,49,39,32,30,41,49,49,49,49,49,49,49,49,49,49,49,49,49,49,49,49,49,49,49,49,49,49,49,49,47,33,40,45,32,31,1,0,0,0,0,0,0,TShirt
0,0,0,0,0,0,0,0,49,0,32,0,0,49,49,49,49,49,49,49,49,49,49,49,49,6,44,10,6,7,9,10,0,0,0,0,0,0,0,34,0,0,0,0,0,0,0,0,0,0,TShirt
0,0,0,0,0,0,0,0,4,8,10,11,30,28,29,28,29,46,46,46,48,49,49,49,49,49,49,49,49,49,48,48,48,48,49,49,25,10,10,14,9,18,3,0,0,0,0,0,0,0,TShirt
0,0,0,0,0,0,0,0,0,14,0,0,1,0,19,49,49,49,49,49,49,49,49,49,45,49,49,49,49,49,49,49,49,49,49,19,18,12,0,0,0,0,0,0,0,0,0,0,0,0,TShirt
0,0,0,0,0,0,0,0,12,16,21,26,49,49,49,49,49,49,49,49,49,49,49,49,49,45,49,49,49,49,49,49,49,49,49,49,49,49,24,21,16,12,0,0,0,0,0,0,0,0,TShirt
0,0,0,0,0,0,0,0,0,0,15,20,0,0,6,49,49,49,49,49,49,49,49,49,46,49,49,49,49,49,49,49,49,49,49,5,0,18,0,0,0,0,0,0,0,0,0,0,0,0,TShirt
0,0,0,0,0,0,0,0,0,0,11,20,24,27,28,49,49,49,49,49,49,49,49,49,44,42,49,49,49,49,49,49,49,49,49,29,10,16,24,0,0,0,0,0,0,0,0,0,0,0,TShirt
0,0,0,0,0,0,0,0,0,0,14,23,27,28,49,49,49,49,49,49,49,49,49,42,42,45,49,49,49,49,49,49,49,49,29,28,27,7,3,0,0,0,0,0,0,0,0,0,0,0,TShirt
0,0,0,0,0,0,0,0,0,12,0,7,28,47,49,49,49,49,49,49,49,49,49,49,44,49,49,49,49,49,49,49,49,49,49,30,13,25,0,0,0,0,0,0,0,0,0,0,0,0,TShirt
0,0,0,0,0,0,0,0,0,0,0,16,21,1,13,49,49,49,49,49,49,49,49,49,49,45,45,49,49,49,49,49,49,49,49,49,49,18,18,9,0,0,0,0,0,0,0,0,0,0,TShirt
0,0,0,0,0,0,0,0,0,12,16,19,0,4,49,49,49,49,49,49,49,49,49,49,44,49,49,49,49,49,49,49,49,49,49,0,0,1,0,0,0,0,0,0,0,0,0,0,0,0,TShirt
0,0,0,0,0,0,0,0,0,0,13,21,17,29,49,49,49,49,49,49,49,49,49,44,42,49,49,49,49,49,49,49,49,49,49,28,28,23,0,0,0,0,0,0,0,0,0,0,0,0,TShirt
0,0,0,0,0,0,0,3,1,1,8,5,25,48,46,44,43,45,45,46,46,49,49,49,45,49,49,49,47,45,45,45,44,43,49,27,8,9,10,9,10,6,5,5,0,0,0,0,0,0,TShirt
0,0,0,0,0,0,0,0,0,0,12,18,18,49,49,49,49,49,49,49,49,49,43,42,44,44,49,49,49,49,49,49,49,49,49,49,14,3,9,0,0,0,0,0,0,0,0,0,0,0,TShirt
0,0,0,0,0,0,0,0,0,0,1,14,24,28,29,30,49,49,49,49,49,49,49,49,49,44,45,49,49,49,49,49,49,49,49,48,29,17,26,3,0,0,0,0,0,0,0,0,0,0,TShirt
0,0,0,0,0,0,0,0,0,0,4,14,23,27,28,49,49,49,49,49,49,49,49,49,43,42,45,49,49,49,49,49,49,49,49,30,29,27,24,0,0,0,0,0,0,0,0,0,0,0,TShirt
0,0,0,0,0,0,0,0,0,0,0,13,1,0,0,48,49,49,49,49,49,49,49,49,43,41,43,49,49,49,49,49,49,49,49,47,0,0,0,0,0,0,0,0,0,0,0,0,0,0,TShirt
0,0,0,0,0,0,0,0,0,0,0,9,18,26,46,49,49,49,49,49,49,49,49,49,46,44,43,44,49,49,49,49,49,49,49,49,49,47,20,30,27,4,0,0,0,0,0,0,0,0,TShirt
0,0,0,0,0,0,0,0,0,0,0,1,19,24,27,49,49,49,49,49,49,49,49,49,44,43,44,45,46,49,49,49,49,49,49,49,49,49,43,20,0,0,0,0,0,0,0,0,0,0,TShirt
0,0,0,0,0,0,0,0,0,0,0,11,16,18,17,5,49,49,49,49,49,49,49,49,49,45,44,45,46,49,49,49,49,49,49,49,49,49,49,49,6,0,0,0,0,0,0,0,0,0,TShirt
0,0,0,0,0,0,0,0,0,0,3,11,15,16,17,20,6,49,49,49,49,49,49,49,49,43,42,43,44,44,49,49,49,49,49,49,49,49,49,46,22,17,1,0,0,0,0,0,0,0,TShirt
0,0,0,0,0,0,0,0,0,0,0,5,15,6,6,1,48,49,49,49,49,49,49,49,49,49,43,43,43,43,16,49,49,49,49,49,43,45,49,0,0,0,0,0,0,0,0,0,0,0,TShirt
0,0,0,0,0,0,0,0,0,0,0,0,14,45,49,49,49,49,49,49,49,49,49,46,44,43,43,46,49,49,49,49,49,49,49,49,49,49,1,0,2,0,0,0,0,0,0,0,0,0,TShirt
0,0,0,0,0,0,0,0,0,0,9,17,7,10,49,47,49,49,49,49,49,49,49,49,49,49,49,49,49,49,49,49,49,49,49,49,49,49,49,1,1,0,38,0,0,0,0,0,0,0,TShirt
0,0,0,0,0,0,0,0,0,0,0,0,5,19,25,44,49,49,49,49,49,49,49,49,44,41,41,43,44,44,49,49,49,49,49,49,49,49,36,8,4,0,0,0,0,0,0,0,0,0,TShirt
0,0,0,0,0,0,0,0,0,0,0,4,0,9,7,24,49,49,49,49,49,49,49,49,49,43,42,43,45,49,49,49,49,49,49,49,47,49,23,5,0,0,0,0,0,0,0,0,0,0,TShirt
0,0,0,0,0,0,0,0,0,0,0,5,12,3,22,49,49,49,49,49,49,49,49,49,49,44,44,44,45,49,49,49,49,49,49,49,49,49,49,2,0,0,0,0,0,0,0,0,0,0,TShirt
0,0,0,0,0,0,0,0,7,18,49,49,42,48,48,48,48,47,49,49,49,49,49,49,49,49,49,49,49,49,49,49,49,49,49,49,49,49,49,38,2,43,45,0,0,0,0,0,0,0,TShirt
0,0,0,0,0,0,0,0,0,49,33,0,0,49,49,49,49,49,49,49,49,49,49,49,49,49,49,49,49,49,49,49,49,49,49,49,49,49,0,0,42,0,0,0,0,0,0,0,0,0,TShirt
0,0,0,0,0,0,0,0,0,14,49,49,30,40,49,49,49,49,49,49,49,49,49,49,49,49,49,49,49,49,49,49,49,49,49,49,49,49,49,13,17,2,0,0,0,0,0,0,0,0,TShirt
0,0,0,0,0,0,0,0,16,21,25,29,49,31,48,48,48,31,49,49,49,49,49,49,49,49,49,49,49,49,49,49,49,49,49,49,49,49,49,40,23,24,29,0,0,0,0,0,0,0,TShirt
0,0,0,0,0,0,0,1,15,21,49,49,42,48,48,48,48,48,49,49,49,49,49,49,49,49,49,49,49,49,49,49,49,49,49,49,49,49,31,15,22,23,46,29,0,0,0,0,0,0,TShirt
0,0,0,0,0,0,0,0,6,49,34,29,22,39,49,49,49,49,47,47,45,49,49,49,43,43,10,6,6,9,34,36,37,49,49,49,49,49,49,38,0,0,0,2,4,3,0,0,0,0,TShirt
0,0,0,0,0,0,0,49,48,15,4,0,0,0,32,0,0,27,27,10,8,17,49,49,49,49,49,49,49,49,49,49,49,49,49,49,49,49,49,0,0,0,0,1,0,46,0,0,0,0,TShirt
0,0,0,0,0,0,0,4,6,9,12,15,14,37,49,49,49,49,49,49,49,49,49,49,49,49,49,49,49,49,49,49,49,49,49,49,49,49,49,33,9,7,5,0,1,0,0,0,0,0,TShirt
0,0,0,0,0,0,0,1,6,7,11,14,16,17,49,49,49,49,49,49,49,49,49,49,49,46,45,45,49,49,49,49,49,49,49,49,49,49,49,49,14,13,11,8,5,3,0,0,0,0,TShirt
0,0,0,0,0,0,0,0,5,48,49,49,49,49,49,49,49,49,49,49,49,49,49,49,49,49,49,49,49,49,49,49,49,49,49,49,49,49,43,45,49,45,49,4,0,0,0,0,0,0,TShirt
0,0,0,0,0,0,0,0,0,3,11,4,15,2,49,49,49,49,49,49,49,49,49,44,42,41,41,41,24,49,49,49,49,49,49,49,49,49,12,0,0,0,0,0,0,0,0,0,0,0,TShirt
0,0,0,0,0,0,7,20,23,49,49,49,49,49,49,49,49,49,49,49,49,49,49,49,49,49,49,49,49,49,49,49,49,49,49,49,35,21,48,0,48,3,0,0,0,0,0,0,0,0,TShirt
0,0,0,0,0,0,0,9,49,49,49,36,33,31,49,49,49,49,49,49,49,49,49,49,49,49,49,49,49,49,49,49,49,49,49,49,49,34,7,4,48,0,46,0,0,0,0,0,0,0,TShirt
0,0,0,0,0,0,0,44,49,31,0,34,49,49,49,49,49,49,49,49,49,49,49,49,49,36,49,49,34,9,9,0,0,0,49,49,0,0,42,0,0,0,0,0,0,0,0,0,0,0,TShirt
0,0,0,0,0,0,0,0,48,49,32,45,49,49,49,49,49,49,49,49,49,49,49,49,49,49,49,49,49,49,49,49,49,49,49,0,0,40,44,0,46,0,0,0,0,0,0,0,0,0,TShirt
0,0,0,0,0,1,3,6,9,10,10,11,11,8,31,32,32,32,33,33,34,34,34,34,34,34,34,34,34,34,34,34,33,33,32,32,31,8,12,12,12,11,9,7,5,3,0,0,0,0,TShirt
0,0,0,0,0,0,0,3,5,7,9,10,10,10,8,32,32,33,34,34,35,35,35,35,35,35,35,35,35,35,35,35,34,34,33,33,33,32,31,11,10,8,7,5,2,0,0,0,0,0,TShirt
0,0,0,0,0,2,4,6,8,10,11,11,12,12,29,30,33,33,33,34,34,34,35,35,35,35,35,35,35,35,35,34,34,33,33,32,32,32,12,12,11,11,10,7,6,4,2,1,0,0,TShirt
0,0,0,0,0,1,3,6,8,9,10,10,12,11,31,25,33,33,24,34,18,35,34,34,34,34,34,34,34,33,33,33,12,20,21,22,11,25,4,6,6,0,0,0,0,0,0,0,0,0,TShirt
0,0,0,0,0,0,0,0,0,0,0,0,0,0,0,0,0,0,0,0,0,0,0,0,0,0,0,0,0,0,0,0,0,0,0,0,0,0,0,0,0,0,0,0,0,0,0,0,0,0,TShirt
0,0,0,0,0,1,4,6,7,10,10,11,11,10,32,32,33,33,34,34,34,35,35,35,35,35,35,34,33,33,33,33,33,33,32,32,32,31,13,14,12,12,11,8,5,2,0,0,0,0,TShirt
0,0,0,0,0,0,0,0,0,0,0,49,49,49,49,49,49,49,49,49,49,42,43,42,43,49,49,49,49,49,49,49,49,49,49,25,20,28,20,0,0,0,0,0,0,0,0,0,0,0,TShirt
0,0,0,0,0,0,0,0,0,0,9,19,25,27,49,49,49,49,49,49,49,49,49,42,42,43,49,49,49,49,49,49,49,49,49,49,49,14,10,4,0,0,0,0,0,0,0,0,0,0,TShirt
0,0,0,0,0,0,0,0,0,2,12,14,15,25,49,49,49,49,49,49,49,49,43,43,43,45,49,49,49,49,49,49,49,49,49,49,39,7,0,0,0,0,0,0,0,0,0,0,0,0,TShirt
0,0,0,0,0,0,0,0,0,0,3,17,45,49,49,49,49,49,49,49,49,49,49,43,43,44,49,49,49,49,49,49,49,48,42,42,40,1,0,0,0,0,0,0,0,0,0,0,0,0,TShirt
0,0,0,0,0,0,0,0,0,0,13,18,27,48,49,49,49,49,49,49,49,49,49,42,42,43,49,49,49,49,49,49,49,49,49,49,49,29,20,3,0,0,0,0,0,0,0,0,0,0,TShirt
0,0,0,0,0,0,0,0,0,1,11,18,19,9,48,49,49,49,49,49,49,49,49,43,42,44,45,49,49,49,49,49,49,49,49,49,44,9,1,2,0,0,0,0,0,0,0,0,0,0,TShirt
0,0,0,0,0,0,0,0,0,0,0,21,24,20,49,49,49,49,49,49,49,49,49,49,45,45,49,49,49,49,49,49,49,49,49,49,9,9,8,28,2,0,0,0,0,0,0,0,0,0,TShirt
0,0,0,0,0,0,0,0,48,49,47,45,22,49,49,49,49,49,49,49,49,49,49,49,49,49,49,49,49,49,49,49,49,49,49,49,49,49,13,20,42,45,30,47,1,0,0,0,0,0,TShirt
0,0,0,0,0,0,0,0,48,49,48,45,22,49,49,49,49,49,49,49,49,49,49,49,49,49,49,49,49,49,49,49,49,49,49,49,49,49,9,15,41,44,46,45,0,0,0,0,0,0,TShirt
0,0,0,0,0,0,0,49,44,0,45,21,10,49,49,49,49,49,49,49,49,49,49,49,49,49,49,49,49,49,49,49,49,49,49,49,49,49,31,32,41,45,31,19,0,0,0,0,0,0,TShirt
0,0,0,0,0,0,0,0,0,0,15,49,49,49,49,49,49,49,49,0,47,48,49,49,48,49,46,49,49,49,49,49,49,0,0,0,27,47,49,37,49,20,15,0,0,0,0,0,0,0,TShirt
0,0,0,0,0,0,0,3,49,49,49,49,49,49,49,49,49,49,49,49,49,49,49,49,49,49,49,49,49,49,49,49,49,49,49,49,49,35,21,24,48,48,48,48,0,0,0,0,0,0,TShirt
0,0,0,0,0,0,0,49,49,49,49,49,26,21,49,49,49,49,49,49,49,49,49,49,49,49,49,49,49,49,49,49,49,49,49,49,49,49,32,17,21,26,48,47,47,47,0,0,0,0,TShirt
0,0,0,0,0,0,0,0,49,49,47,45,1,0,49,49,49,49,0,0,10,11,16,17,17,17,5,10,10,9,7,10,7,0,0,0,0,49,32,1,2,43,45,0,47,0,0,0,0,0,TShirt
0,0,0,0,0,0,0,0,49,49,45,42,39,49,49,49,32,49,49,49,49,49,49,49,49,49,49,49,49,49,49,49,49,49,49,49,49,49,0,6,42,44,0,45,0,0,0,0,0,0,TShirt
0,0,0,0,0,0,0,0,0,0,0,0,0,0,0,0,0,0,49,49,42,42,8,42,45,49,49,49,44,42,8,49,49,49,49,48,43,44,44,45,0,0,0,0,0,0,0,0,0,0,TShirt
0,0,0,0,0,0,0,49,49,47,43,0,0,49,49,49,49,49,0,0,11,11,17,17,17,17,5,10,10,6,8,10,0,0,0,0,49,0,0,0,1,42,45,0,47,0,0,0,0,0,TShirt
0,0,0,0,0,0,0,0,0,49,49,46,42,49,49,49,49,49,49,49,49,49,18,17,17,5,10,9,6,9,16,0,0,0,0,49,49,0,4,41,43,0,0,40,0,0,0,0,0,0,TShirt
0,0,0,0,0,0,0,0,49,46,46,43,19,38,49,49,49,49,49,49,49,49,49,49,49,49,49,49,49,49,49,49,49,49,49,49,49,49,26,41,44,47,31,45,0,0,0,0,0,0,TShirt
0,0,0,0,0,0,0,0,48,49,48,45,21,36,49,49,49,49,49,49,49,49,49,49,49,49,49,49,49,49,49,49,49,49,49,49,49,49,37,21,43,46,30,47,0,0,0,0,0,0,TShirt
0,0,0,0,0,0,0,49,49,47,22,21,49,49,49,49,49,49,49,49,49,49,49,49,49,49,49,49,49,49,49,49,49,49,49,49,49,31,15,20,22,45,47,0,42,0,0,0,0,0,TShirt
0,0,0,0,0,0,0,0,0,47,0,0,0,49,49,49,49,49,49,49,49,49,49,49,49,49,49,49,49,49,49,49,49,49,49,49,49,49,39,42,47,0,0,0,0,0,0,0,0,0,TShirt
0,0,0,0,0,0,0,49,49,49,49,49,25,49,49,49,49,49,49,49,49,49,49,49,49,49,49,49,49,49,49,49,49,49,49,49,49,49,18,21,49,49,49,49,13,0,0,0,0,0,TShirt
0,0,0,0,0,0,0,11,18,24,49,49,47,47,46,49,49,49,49,49,49,49,49,49,49,49,49,49,49,49,49,49,49,49,49,49,49,49,36,22,28,49,49,49,49,0,0,0,0,0,TShirt
0,0,0,0,0,0,0,0,0,0,0,41,49,49,49,49,49,49,49,49,49,49,44,49,49,49,49,49,49,49,49,49,49,25,15,10,27,20,6,0,0,0,0,0,0,0,0,0,0,0,TShirt
0,0,0,0,0,0,0,0,0,49,49,47,42,49,49,49,49,49,49,49,49,49,49,49,49,49,9,49,49,49,49,49,49,49,49,49,49,49,36,7,43,45,0,44,0,0,0,0,0,0,TShirt
0,0,0,0,0,0,0,0,0,10,14,19,21,9,28,23,24,25,26,26,28,38,40,44,44,44,44,44,45,45,44,40,38,26,25,25,42,9,10,9,22,20,16,8,0,0,0,0,0,0,TShirt
0,0,0,0,0,0,0,0,10,49,49,48,47,49,49,49,49,49,49,49,49,49,49,49,49,49,49,49,49,49,49,49,49,49,49,49,49,49,25,47,49,49,49,49,15,0,0,0,0,0,TShirt
0,0,0,0,0,0,0,0,6,49,49,49,42,34,0,49,49,49,0,0,0,0,11,17,17,17,17,17,17,14,16,10,10,10,7,0,49,49,34,4,0,0,45,44,49,0,0,0,0,0,TShirt
0,0,0,0,0,0,0,46,0,0,0,0,49,49,0,0,0,0,10,8,11,11,7,7,7,6,6,7,11,11,8,0,0,0,0,0,0,0,0,0,0,0,41,0,0,0,0,0,0,0,TShirt
0,0,0,0,0,0,0,0,0,8,18,49,49,49,49,49,49,49,49,49,49,49,49,49,49,49,49,49,49,49,49,49,49,49,49,49,49,48,48,48,49,49,23,11,0,0,0,0,0,0,TShirt
0,0,0,0,0,0,0,0,0,14,49,46,48,48,48,48,49,49,49,49,49,49,49,49,49,49,49,49,49,49,49,49,49,49,49,49,49,33,19,21,43,45,0,43,0,0,0,0,0,0,TShirt
0,0,0,0,0,0,0,0,49,47,45,42,0,0,49,31,0,0,18,0,11,17,17,17,17,6,6,11,11,7,10,10,0,0,0,0,49,33,0,0,43,0,0,0,0,0,0,0,0,0,TShirt
0,0,0,0,0,0,0,0,0,0,44,17,18,31,49,49,49,49,49,49,49,49,49,49,49,49,49,49,49,49,49,49,49,49,49,49,49,32,10,42,45,30,45,1,0,0,0,0,0,0,TShirt
0,0,0,0,0,0,0,0,0,0,49,47,44,49,49,49,49,49,49,49,49,49,49,49,49,49,49,49,49,49,49,49,49,49,49,49,49,49,19,20,44,29,42,0,0,0,0,0,0,0,TShirt
0,0,0,0,0,0,0,0,7,14,49,49,46,33,0,49,49,49,49,49,49,49,49,49,49,6,49,11,10,7,11,10,0,0,0,0,33,45,49,2,2,0,0,0,0,0,0,0,0,0,TShirt
0,0,0,0,0,0,0,0,7,49,49,49,43,49,49,49,49,31,0,8,12,14,18,18,18,18,18,17,17,17,12,11,0,49,49,49,49,32,34,48,49,49,13,0,0,0,0,0,0,0,TShirt
0,0,0,0,0,0,0,0,0,49,47,45,42,49,49,49,49,49,49,49,49,49,49,49,49,49,49,49,49,49,49,49,49,49,49,49,49,39,20,43,0,44,0,0,0,0,0,0,0,0,TShirt
0,0,0,0,0,0,0,0,44,0,48,0,0,0,49,49,49,49,49,49,12,8,11,11,11,7,7,11,11,8,49,49,49,49,49,49,49,0,0,0,0,0,0,0,0,0,0,0,0,0,TShirt
0,0,0,0,0,0,0,0,7,49,46,0,0,0,48,49,49,49,49,49,8,10,10,10,6,6,10,10,7,10,10,7,49,49,49,49,49,0,0,0,0,0,44,0,0,0,0,0,0,0,TShirt
0,0,0,0,0,0,0,49,0,46,20,19,35,49,49,49,49,49,49,49,49,49,49,49,49,49,49,49,49,49,49,49,49,49,49,49,33,18,21,22,45,0,0,0,0,0,0,0,0,0,TShirt
0,0,0,0,0,0,0,0,48,49,2,8,36,49,49,49,49,49,49,49,49,49,49,49,49,49,49,49,49,49,49,49,49,49,49,49,49,12,0,7,2,0,45,0,0,0,0,0,0,0,TShirt
0,0,0,0,0,0,49,39,0,14,19,9,48,49,49,49,49,49,49,49,49,49,49,49,49,49,49,49,49,49,49,49,49,49,49,49,48,12,13,21,44,31,30,0,0,0,0,0,0,0,TShirt
0,0,0,0,0,0,0,0,42,48,47,44,49,49,49,49,49,49,49,49,49,49,49,49,49,49,49,49,49,49,49,49,49,49,49,49,49,32,15,42,45,29,48,1,0,0,0,0,0,0,TShirt
0,0,0,0,0,0,4,6,8,6,7,0,0,49,49,49,49,49,49,49,49,49,49,49,49,49,49,49,49,49,49,49,49,49,49,49,49,49,2,3,5,6,6,3,6,0,0,0,0,0,TShirt
0,0,0,0,0,0,0,0,0,0,0,1,11,37,40,42,44,44,43,41,36,24,22,19,17,13,13,17,20,23,25,29,43,44,44,43,41,39,32,0,0,0,0,0,0,0,0,0,0,0,Pant
0,0,0,0,0,0,0,0,0,0,0,0,0,0,0,0,0,0,19,36,42,29,28,26,21,17,15,13,12,25,28,45,45,29,29,20,12,4,0,0,0,0,0,0,0,0,0,0,0,0,Pant
0,0,0,0,0,0,0,0,0,0,0,0,0,0,0,36,37,42,39,43,43,42,39,30,20,16,21,25,35,40,43,44,43,38,36,33,7,0,0,0,0,0,0,0,0,0,0,0,0,0,Pant
0,0,0,0,0,0,5,13,14,14,11,1,46,40,43,45,46,47,47,47,46,44,43,37,23,19,15,18,22,42,44,46,49,49,47,45,44,43,38,35,10,10,13,1,5,0,0,0,0,0,Pant
0,0,0,0,0,0,0,0,0,0,0,0,1,11,20,23,36,38,45,44,40,43,31,22,19,14,12,20,33,39,41,41,43,40,44,44,37,32,0,0,0,0,0,0,0,0,0,0,0,0,Pant
0,0,0,0,0,0,0,0,0,0,0,0,0,0,1,2,2,40,40,0,0,0,0,0,1,0,3,3,0,0,0,0,0,0,1,1,0,0,0,0,0,0,0,0,0,0,0,0,0,0,Pant
0,0,0,0,0,0,0,0,0,0,0,0,0,0,0,0,12,34,39,40,41,45,45,45,44,11,13,16,26,40,46,42,42,39,34,25,0,0,0,0,0,0,0,0,0,0,0,0,0,0,Pant
0,0,0,0,0,0,0,0,0,0,0,0,0,0,10,30,1,2,2,2,45,45,46,1,20,0,6,9,29,47,45,0,2,0,0,0,2,1,0,0,0,0,0,0,0,0,0,0,0,0,Pant
0,0,0,0,0,0,0,0,0,0,0,0,0,3,7,37,39,42,42,42,40,39,25,22,18,15,12,18,21,23,41,42,43,42,42,40,38,7,0,0,0,0,0,0,0,0,0,0,0,0,Pant
0,0,0,0,0,0,0,0,0,0,0,0,0,0,0,0,5,36,38,38,44,43,44,37,25,18,18,24,35,41,43,37,38,37,33,2,0,0,0,0,0,0,0,0,0,0,0,0,0,0,Pant
0,0,0,0,0,0,0,0,0,0,0,0,0,0,0,0,30,35,36,36,37,44,39,27,23,19,17,21,24,30,39,41,36,37,34,31,9,5,1,0,0,0,0,0,0,0,0,0,0,0,Pant
0,0,0,0,0,0,0,0,0,0,0,0,0,0,0,0,3,32,39,39,39,44,44,37,34,16,16,20,30,37,39,44,38,39,36,33,0,0,0,0,0,0,0,0,0,0,0,0,0,0,Pant
0,0,0,0,0,0,0,0,0,0,0,0,0,0,0,1,38,33,32,36,32,30,23,15,11,9,10,15,30,30,31,31,43,43,40,0,0,0,0,0,0,0,0,0,0,0,0,0,0,0,Pant
0,0,0,0,0,0,0,0,0,0,0,0,0,0,0,0,0,5,28,28,29,35,34,28,18,16,15,18,23,27,31,35,34,30,29,25,0,0,0,0,0,0,0,0,0,0,0,0,0,0,Pant
0,0,0,0,0,0,0,0,0,0,0,0,0,0,0,33,38,40,43,44,41,33,26,22,17,14,17,21,26,32,37,43,43,39,36,33,0,0,0,0,0,0,0,0,0,0,0,0,0,0,Pant
0,0,0,0,0,0,0,0,0,0,0,0,0,0,9,24,37,38,43,43,44,43,42,25,20,18,14,17,21,39,41,41,41,41,42,44,38,34,0,0,0,0,0,0,0,0,0,0,0,0,Pant
0,0,0,0,0,0,0,0,0,0,0,0,0,0,25,35,38,40,46,44,42,27,23,19,17,14,15,19,23,27,32,44,44,44,38,35,30,0,0,0,0,0,0,0,0,0,0,0,0,0,Pant
0,0,0,0,2,0,1,2,16,35,14,37,28,30,32,35,11,10,8,6,12,24,25,37,28,26,22,22,23,25,27,27,31,41,42,40,18,41,42,43,44,0,0,0,0,0,0,0,0,0,Pant
0,0,0,0,0,0,0,0,0,0,0,0,0,2,9,34,39,41,44,46,45,44,43,19,15,13,16,22,43,44,45,44,44,44,39,34,2,0,0,0,0,0,0,0,0,0,0,0,0,0,Pant
0,0,0,0,0,0,0,0,0,0,0,0,0,0,0,0,0,6,6,6,6,46,46,46,46,45,7,46,47,48,48,48,48,7,0,0,0,0,0,0,0,0,0,0,0,0,0,0,0,0,Pant
0,0,0,0,0,0,0,0,0,0,0,0,0,0,0,0,0,0,0,0,0,0,0,0,0,0,0,0,0,1,0,0,0,0,0,0,0,0,0,0,0,0,0,0,0,0,0,0,0,0,Pant
0,0,0,0,0,0,0,0,2,11,11,17,22,26,33,38,44,44,44,48,48,48,48,48,47,47,12,14,16,18,22,25,27,30,36,43,48,48,49,49,49,49,49,49,30,0,0,0,0,0,Pant
0,0,0,0,0,0,0,0,0,0,0,0,0,0,0,0,34,38,44,38,38,38,44,39,21,16,18,22,38,40,43,44,41,36,34,1,0,0,0,0,0,0,0,0,0,0,0,0,0,0,Pant
0,0,0,0,0,0,0,0,0,0,0,0,2,3,39,41,45,47,47,47,46,31,22,18,14,12,14,17,20,25,40,47,49,49,49,40,38,15,2,0,0,0,0,0,0,0,0,0,0,0,Pant
0,0,0,0,0,0,0,0,0,0,0,0,2,15,33,38,47,49,49,49,49,49,47,17,44,45,47,46,46,46,45,45,44,40,36,23,18,14,3,0,0,0,0,0,0,0,0,0,0,0,Pant
0,0,0,0,0,0,0,0,0,0,0,0,1,46,33,32,32,0,0,0,0,0,0,0,0,4,5,7,7,29,0,0,0,0,0,0,0,2,3,10,7,2,2,0,0,0,0,0,0,0,Pant
0,0,0,0,0,0,0,0,0,0,1,1,1,2,45,42,40,38,35,25,1,1,3,1,0,4,4,4,4,1,0,0,0,0,0,0,0,0,3,4,0,0,12,1,0,0,0,0,0,0,Pant
0,0,0,0,0,0,0,0,0,0,0,0,0,0,0,0,11,41,43,42,43,42,30,26,17,14,13,18,27,33,41,42,42,42,35,8,0,0,0,0,0,0,0,0,0,0,0,0,0,0,Pant
0,0,0,0,0,0,0,0,0,0,0,0,0,0,0,0,0,3,3,3,3,3,3,3,3,3,3,3,3,3,3,3,3,3,45,0,0,0,0,0,0,0,0,0,0,0,0,0,0,0,Pant
0,0,0,0,0,0,0,0,0,0,0,0,0,0,0,9,17,37,42,43,46,46,43,17,11,12,21,40,44,40,39,35,35,17,9,0,0,0,0,0,0,0,0,0,0,0,0,0,0,0,Pant
0,0,0,0,0,0,0,0,0,0,0,0,0,0,0,20,36,42,47,47,46,46,35,24,15,15,35,36,47,47,47,47,47,24,0,0,0,0,0,0,0,0,0,0,0,0,0,0,0,0,Pant
0,0,0,0,0,0,0,0,0,0,0,0,0,0,0,0,26,42,37,39,47,46,37,36,16,15,23,36,46,47,45,47,47,31,6,0,0,0,0,0,0,0,0,0,0,0,0,0,0,0,Pant
0,0,0,0,0,0,0,0,0,0,0,0,0,0,0,24,27,32,37,46,46,45,34,24,14,17,34,45,47,45,39,47,35,31,5,0,0,0,0,0,0,0,0,0,0,0,0,0,0,0,Pant
0,0,0,0,0,0,0,0,0,0,0,0,0,0,0,0,1,7,12,4,46,46,35,26,18,14,14,23,34,46,44,36,47,35,3,0,0,0,0,0,0,0,0,0,0,0,0,0,0,0,Pant
0,0,0,0,0,0,0,0,0,0,0,0,0,0,0,0,0,0,2,45,2,2,3,3,3,3,3,3,45,3,3,2,47,2,47,0,0,0,0,0,0,0,0,0,0,0,0,0,0,0,Pant
0,0,0,0,0,0,0,0,0,0,0,0,0,0,9,14,41,33,39,28,3,26,25,15,14,14,19,26,30,30,32,35,8,24,12,0,0,0,0,0,0,0,0,0,0,0,0,0,0,0,Pant
0,0,0,0,0,0,0,0,0,0,0,0,0,0,4,32,37,43,40,40,40,37,30,22,16,10,14,21,29,32,35,38,39,43,38,35,16,0,0,0,0,0,0,0,0,0,0,0,0,0,Pant
0,0,0,0,0,0,0,0,0,0,0,0,0,0,2,0,0,2,2,45,43,40,2,2,2,2,14,2,2,2,2,2,41,41,0,1,0,0,0,0,0,0,0,0,0,0,0,0,0,0,Pant
0,0,0,0,0,0,0,0,0,0,0,0,0,0,0,16,36,38,42,40,39,39,39,34,22,13,13,27,38,39,39,39,40,42,38,34,0,0,0,0,0,0,0,0,0,0,0,0,0,0,Pant
0,0,0,0,0,0,0,0,0,0,0,0,0,0,0,3,40,2,39,45,2,2,2,2,2,15,2,2,2,2,2,34,3,1,0,9,0,0,0,0,0,0,0,0,0,0,0,0,0,0,Pant
0,0,0,0,0,0,0,0,0,0,0,0,0,0,0,29,43,41,39,40,40,39,39,34,17,10,16,38,39,40,40,40,43,38,35,0,0,0,0,0,0,0,0,0,0,0,0,0,0,0,Pant
0,0,0,0,0,0,0,0,0,0,0,0,0,0,0,16,31,30,38,33,31,24,18,15,12,9,9,14,31,31,32,31,32,45,43,40,0,0,0,0,0,0,0,0,0,0,0,0,0,0,Pant
0,0,0,0,0,0,0,0,0,0,0,0,0,0,0,0,0,0,0,0,0,0,0,0,0,0,0,0,0,0,0,0,0,0,0,0,0,0,0,0,0,0,0,0,0,0,0,0,0,0,Pant
0,0,0,0,0,0,0,0,0,0,0,0,0,0,0,8,19,27,35,39,38,27,23,19,16,14,12,10,9,40,43,44,44,41,37,36,17,10,3,0,0,0,0,0,0,0,0,0,0,0,Pant
0,0,0,0,0,0,0,0,0,0,0,0,3,8,13,23,17,6,5,8,16,8,5,3,3,3,2,0,2,2,11,7,5,7,6,16,18,22,12,8,0,0,0,0,0,0,0,0,0,0,Pant
0,0,0,0,0,0,0,0,0,0,0,0,4,9,27,38,40,42,41,40,37,26,21,18,16,13,13,16,19,28,36,41,42,42,40,38,30,21,7,0,0,0,0,0,0,0,0,0,0,0,Pant
0,0,0,0,0,0,0,0,0,0,0,0,1,7,11,28,36,39,42,41,40,36,30,24,21,18,13,12,16,20,24,39,40,41,41,41,39,37,33,12,6,0,0,0,0,0,0,0,0,0,Pant
0,0,0,0,0,0,0,0,0,0,0,0,0,0,0,0,0,0,0,0,0,0,0,0,0,0,0,0,0,0,0,0,0,0,0,0,0,0,0,0,0,0,0,0,0,0,0,0,0,0,Pant
0,0,0,0,0,0,0,0,0,0,0,0,11,16,19,36,39,41,42,41,39,28,23,19,16,13,13,15,18,22,32,38,39,41,41,40,37,29,18,12,2,0,0,0,0,0,0,0,0,0,Pant
0,0,0,0,0,0,0,0,0,0,0,0,0,13,30,38,39,41,41,41,40,28,24,20,15,12,16,23,33,38,41,42,41,40,38,35,25,13,0,0,0,0,0,0,0,0,0,0,0,0,Pant
0,0,0,0,0,0,0,0,0,0,0,0,0,0,2,13,34,39,42,42,39,34,29,24,22,18,15,11,14,18,21,27,35,41,43,43,41,39,36,10,7,0,0,0,0,0,0,0,0,0,Pant
0,0,0,0,0,0,0,0,0,0,0,0,0,0,8,13,26,36,38,41,40,30,26,22,19,15,12,12,14,17,20,24,32,40,41,41,36,34,13,12,0,0,0,0,0,0,0,0,0,0,Pant
0,0,0,0,0,0,0,0,0,0,0,0,0,0,0,33,36,42,42,42,40,28,23,20,16,14,14,17,20,25,39,42,42,41,41,37,33,0,0,0,0,0,0,0,0,0,0,0,0,0,Pant
0,0,0,0,0,0,0,0,0,0,0,0,0,0,0,0,0,0,0,2,2,2,2,2,2,2,2,2,2,2,2,2,2,2,2,2,0,0,0,0,0,0,0,0,0,0,0,0,0,0,Pant
0,0,0,0,0,0,0,0,0,0,0,0,12,19,27,33,38,40,41,40,37,34,24,20,17,13,12,16,19,22,33,38,39,41,41,40,37,34,25,9,2,0,0,0,0,0,0,0,0,0,Pant
0,0,0,0,0,0,0,0,0,0,0,0,1,0,0,9,23,24,31,31,29,22,18,15,13,11,10,9,43,43,43,31,32,32,30,18,13,7,0,0,0,0,0,0,0,0,0,0,0,0,Pant
0,0,0,0,0,0,0,0,0,0,0,0,0,0,4,11,13,17,21,30,35,40,40,42,42,21,30,41,41,40,42,33,17,12,1,0,0,0,0,0,0,0,0,0,0,0,0,0,0,0,Pant
0,0,0,0,0,0,0,0,0,0,0,0,0,0,0,0,0,0,0,0,0,0,0,0,0,0,0,0,0,0,0,0,0,0,0,0,0,0,0,0,0,0,0,0,0,0,0,0,0,0,Pant
0,0,0,0,0,0,0,0,0,0,0,0,0,0,3,3,17,34,38,32,31,28,23,20,16,14,12,11,11,13,16,21,23,44,44,45,42,38,0,0,0,0,0,0,0,0,0,0,0,0,Pant
0,0,0,0,0,0,0,0,0,0,0,0,7,11,19,33,34,35,31,28,25,22,20,16,14,11,11,14,18,22,25,29,32,36,39,37,31,10,2,0,0,0,0,0,0,0,0,0,0,0,Pant
0,0,0,0,0,0,0,0,0,0,0,0,0,4,10,18,32,35,35,35,33,30,27,22,17,14,11,13,16,23,30,33,35,37,39,37,35,13,6,0,0,0,0,0,0,0,0,0,0,0,Pant
0,0,0,0,0,0,0,0,0,0,0,0,0,1,9,18,36,39,42,43,43,42,42,20,14,10,10,13,42,43,43,43,43,43,43,41,34,1,0,0,0,0,0,0,0,0,0,0,0,0,Pant
0,0,0,0,0,0,0,0,0,0,0,0,0,0,0,9,34,37,42,43,43,38,31,21,15,10,10,13,18,43,43,43,43,42,42,39,0,0,0,0,0,0,0,0,0,0,0,0,0,0,Pant
0,0,0,0,0,0,0,0,0,0,0,0,0,0,0,3,33,36,18,43,40,37,27,22,10,8,5,11,16,17,20,20,41,41,40,15,15,0,0,0,0,0,0,0,0,0,0,0,0,0,Pant
0,0,0,0,0,0,0,0,0,6,14,23,26,27,29,30,32,32,38,40,40,39,14,12,11,12,18,24,41,41,41,41,42,42,42,34,4,0,0,0,0,0,0,0,0,0,0,0,0,0,Pant
0,0,0,0,0,0,0,0,0,0,0,0,0,7,27,30,32,33,33,33,33,33,33,32,32,16,13,15,20,28,31,31,31,31,32,30,28,26,8,0,0,0,0,0,0,0,0,0,0,0,Pant
0,0,0,0,0,0,0,0,0,8,10,13,16,20,27,29,32,35,37,37,36,36,11,14,16,19,21,23,23,21,20,15,12,12,12,8,5,1,0,0,0,0,0,0,0,0,0,0,0,0,Pant
0,0,0,0,0,0,0,0,0,0,8,12,14,18,29,32,35,37,38,42,37,8,10,12,13,16,18,20,22,24,22,20,16,14,15,11,8,3,0,0,0,0,0,0,0,0,0,0,0,0,Pant
0,0,0,0,0,0,0,0,0,0,0,2,9,13,16,20,28,35,42,38,38,41,38,9,11,13,16,20,22,26,28,27,26,17,13,13,8,5,2,0,0,0,0,0,0,0,0,0,0,0,Pant
0,0,0,0,0,0,0,0,0,9,11,14,18,28,32,35,37,39,43,39,39,9,11,14,17,18,20,23,25,25,23,19,15,14,12,12,11,9,7,4,0,0,0,0,0,0,0,0,0,0,Pant
0,0,0,0,0,0,0,0,4,3,9,17,24,28,32,34,37,38,37,42,37,11,14,16,17,19,21,25,24,23,14,14,14,12,12,9,2,0,0,0,0,0,0,0,0,0,0,0,0,0,Pant
0,0,0,0,0,0,0,0,0,0,0,0,0,0,0,0,0,0,0,0,0,0,0,0,0,0,0,0,0,0,0,0,0,0,0,0,0,0,0,0,0,0,0,0,0,0,0,0,0,0,Pant
0,0,0,0,0,0,0,0,0,0,0,7,11,14,18,26,30,34,37,37,37,37,36,10,13,15,18,20,22,24,23,22,21,15,13,13,10,7,4,0,0,0,0,0,0,0,0,0,0,0,Pant
0,0,0,0,0,0,0,0,0,0,10,12,14,18,28,31,34,37,39,39,43,39,11,13,15,18,21,23,28,28,24,10,13,12,15,9,6,4,1,0,0,0,0,1,0,0,0,0,0,0,Pant
0,0,0,0,0,0,0,0,0,0,0,0,2,10,14,17,29,35,38,42,38,37,6,7,9,11,13,16,19,21,23,25,24,20,15,12,13,11,8,4,0,0,0,0,0,0,0,0,0,0,Pant
0,0,0,0,0,0,0,0,0,0,0,6,11,13,17,21,29,33,35,37,36,36,36,10,12,14,17,19,21,23,22,21,18,15,12,12,10,7,3,0,0,0,0,0,0,0,0,0,0,0,Pant
0,0,0,0,0,0,0,0,0,0,1,0,0,0,0,3,8,7,9,8,10,9,7,6,5,19,19,3,3,3,2,2,30,31,33,33,32,29,17,15,9,7,13,9,1,0,0,0,0,0,Pant
0,0,0,0,0,0,0,0,0,0,0,0,0,0,9,13,16,23,29,33,36,41,37,40,8,10,11,14,16,19,21,23,24,22,17,12,11,11,10,5,0,0,0,0,0,0,0,0,0,0,Pant
0,0,0,0,0,0,0,0,0,0,0,0,0,0,0,10,15,30,35,35,35,35,35,14,10,10,12,14,16,19,22,24,27,28,23,19,12,10,13,2,0,0,0,0,0,0,0,0,0,0,Pant
0,0,0,0,0,0,0,0,0,0,0,0,0,0,0,18,24,26,30,32,28,21,18,15,13,11,10,37,37,37,37,37,37,32,17,11,4,0,0,0,0,0,0,0,0,0,0,0,0,0,Pant
0,0,0,0,0,0,0,0,0,0,0,0,0,0,2,12,20,25,30,33,38,38,37,16,13,11,10,36,37,37,37,37,37,38,38,37,15,0,0,0,0,0,0,0,0,0,0,0,0,0,Pant
0,0,0,0,0,0,0,0,0,0,0,7,32,39,39,38,38,38,38,37,37,37,37,18,15,12,12,16,19,38,38,38,39,39,39,39,39,38,33,32,1,0,0,0,0,0,0,0,0,0,Pant
0,0,0,0,0,0,0,0,0,0,0,3,31,38,39,38,38,38,38,38,37,37,37,37,16,13,12,15,37,37,37,37,37,37,37,37,37,37,33,30,1,0,0,0,0,0,0,0,0,0,Pant
0,0,0,0,0,0,0,0,0,0,0,3,31,36,37,38,38,38,38,37,37,30,26,21,15,12,12,18,22,25,37,37,38,38,38,37,37,36,32,30,0,0,0,0,0,0,0,0,0,0,Pant
0,0,0,0,0,0,0,0,0,0,0,0,4,10,30,37,39,41,40,36,32,27,23,19,16,14,14,16,19,22,26,33,39,41,39,37,31,20,10,3,0,0,0,0,0,0,0,0,0,0,Pant
0,0,0,0,0,0,0,0,0,0,0,0,0,0,0,33,36,40,40,41,39,30,22,16,13,10,14,17,19,39,39,39,39,39,36,32,0,0,0,0,0,0,0,0,0,0,0,0,0,0,Pant
0,0,0,0,0,0,0,0,0,0,0,0,0,0,19,23,26,28,32,37,37,17,14,12,11,9,37,37,37,37,37,37,37,29,19,4,0,0,0,0,0,0,0,0,0,0,0,0,0,0,Pant
0,0,0,0,0,0,0,0,0,0,0,0,4,10,15,24,39,40,39,37,28,24,21,18,15,12,11,13,18,23,30,39,41,42,40,38,36,9,0,0,0,0,0,0,0,0,0,0,0,0,Pant
0,0,0,0,0,0,0,0,0,0,0,1,3,9,26,35,40,41,41,37,27,25,22,19,16,13,12,17,22,30,41,42,42,41,40,36,21,2,0,0,0,0,0,0,0,0,0,0,0,0,Pant
0,0,0,0,0,0,0,0,0,0,0,0,0,0,0,1,29,34,38,44,37,37,36,26,19,14,16,36,36,37,37,44,38,37,25,13,0,0,0,0,0,0,0,0,0,0,0,0,0,0,Pant
0,0,0,0,0,0,0,0,0,0,0,0,0,0,0,0,5,14,38,40,40,42,39,24,19,11,7,7,12,21,25,39,40,40,41,39,13,3,0,0,0,0,0,0,0,0,0,0,0,0,Pant
0,0,0,0,0,0,0,0,0,0,0,0,0,0,0,0,24,40,41,40,40,38,23,19,12,7,6,10,21,39,39,39,39,36,29,2,1,0,0,0,0,0,0,0,0,0,0,0,0,0,Pant
0,0,0,0,0,0,0,0,0,0,0,0,0,0,0,4,29,40,41,39,40,37,23,17,12,8,11,38,40,39,40,39,37,31,15,6,0,0,0,0,0,0,0,0,0,0,0,0,0,0,Pant
0,0,0,0,0,0,0,0,0,0,0,0,0,0,0,33,39,41,41,41,39,35,28,22,18,14,15,20,29,33,37,40,40,41,41,39,26,0,0,0,0,0,0,0,0,0,0,0,0,0,Pant
0,0,0,0,0,0,0,0,0,0,0,0,0,9,36,39,39,39,39,38,28,23,20,16,13,10,13,16,22,27,38,39,39,39,39,37,34,0,0,0,0,0,0,0,0,0,0,0,0,0,Pant
0,0,0,0,0,0,0,0,0,0,0,0,0,0,9,38,39,40,40,40,38,27,22,19,14,11,11,17,22,25,37,41,41,41,39,35,26,0,0,0,0,0,0,0,0,0,0,0,0,0,Pant
0,0,0,0,0,0,0,0,0,0,0,0,0,0,0,9,17,23,25,33,34,34,34,34,15,14,12,10,11,35,36,36,36,37,37,36,35,15,3,0,0,0,0,0,0,0,0,0,0,0,Pant
0,0,0,0,0,0,0,0,0,0,0,0,0,1,12,20,37,44,42,41,41,40,43,41,11,10,12,14,17,20,39,39,42,41,43,37,18,16,8,0,0,0,0,0,0,0,0,0,0,0,Pant
0,0,0,0,0,0,0,0,0,0,0,0,0,0,0,1,44,45,45,1,45,44,43,0,0,0,1,1,1,1,1,2,47,46,0,35,3,1,0,0,0,0,0,0,0,0,0,0,0,0,Pant
0,0,0,0,0,0,0,0,0,0,0,0,0,6,14,25,36,44,45,44,40,43,39,38,38,9,13,15,17,22,34,37,41,41,41,37,20,15,11,10,4,0,0,0,0,0,0,0,0,0,Pant
0,0,0,0,0,0,0,0,0,0,0,0,0,0,0,0,45,4,0,45,3,2,0,0,0,0,0,0,0,0,2,0,0,0,3,6,6,0,5,0,0,0,0,0,0,0,0,0,0,0,Pant
0,0,0,0,0,0,0,0,0,0,0,0,0,0,4,13,31,34,35,44,41,40,40,41,38,40,9,13,15,16,20,25,32,41,41,39,41,28,22,19,13,2,0,0,0,0,0,0,0,0,Pant
0,0,0,0,0,0,0,0,0,0,0,0,0,0,0,25,44,43,43,43,41,40,38,37,8,10,11,13,36,37,39,46,46,44,40,32,22,38,1,0,0,0,0,0,0,0,0,0,0,0,Pant
0,0,0,0,0,0,0,0,0,0,0,0,0,0,7,17,43,46,47,41,41,42,41,40,37,37,12,14,17,39,45,45,46,43,34,14,7,38,38,0,0,0,0,0,0,0,0,0,0,0,Pant
0,0,0,0,0,0,0,0,0,0,0,0,0,0,0,0,0,18,44,44,43,43,42,41,40,12,8,13,12,15,40,42,45,46,47,47,35,1,47,0,0,0,0,0,0,0,0,0,0,0,Pant
0,0,0,0,0,0,0,0,0,0,0,0,0,1,3,7,4,3,46,45,41,2,2,3,3,3,3,10,3,5,2,3,46,47,47,47,47,1,0,0,0,0,0,0,0,0,0,0,0,0,Pant
0,0,0,0,0,0,0,0,0,0,0,0,0,0,0,0,38,42,43,43,43,42,25,21,11,8,8,13,22,30,42,42,42,43,13,0,0,0,0,0,0,0,0,0,0,0,0,0,0,0,Pant
0,0,0,0,0,0,0,0,0,0,0,0,0,0,0,0,39,43,44,44,44,29,23,16,11,8,8,11,21,24,31,42,43,43,44,41,0,0,0,0,0,0,0,0,0,0,0,0,0,0,Pant
0,0,0,0,0,0,0,0,0,0,0,0,0,0,0,0,0,1,1,2,2,2,2,2,2,2,2,2,2,2,2,2,2,2,2,0,0,0,0,0,0,0,0,0,0,0,0,0,0,0,Pant
0,0,0,0,0,0,0,0,0,0,0,0,0,0,0,0,0,0,0,0,0,0,0,0,0,0,0,0,0,0,0,0,0,0,0,0,0,0,0,0,0,0,0,0,0,0,0,0,0,0,Pant
0,0,0,0,0,0,0,0,0,0,0,0,0,3,9,12,16,26,31,33,36,37,37,37,36,10,12,14,18,20,22,25,30,28,22,15,16,7,0,0,0,0,0,0,0,0,0,0,0,0,Pant
0,0,0,0,0,0,0,0,0,0,0,0,0,0,0,1,9,13,41,40,40,40,27,21,9,8,41,40,35,42,34,32,13,7,0,0,0,0,0,0,0,0,0,0,0,0,0,0,0,0,Pant
0,0,0,0,0,0,0,0,0,0,0,0,0,0,0,0,9,17,37,32,28,25,21,16,12,39,39,40,40,33,30,25,15,13,8,4,0,0,0,0,0,0,0,0,0,0,0,0,0,0,Pant
0,0,0,0,0,0,0,0,0,0,0,0,0,0,0,4,0,0,23,16,16,19,23,1,1,9,10,40,14,14,18,0,0,0,0,0,0,0,0,0,0,0,0,0,0,0,0,0,0,0,Pant
0,0,0,0,0,0,0,0,0,0,0,0,0,0,8,12,17,30,34,38,42,42,42,42,47,14,16,19,23,27,32,39,41,38,15,17,0,0,0,0,0,0,0,0,0,0,0,0,0,0,Pant
0,0,0,0,0,0,0,0,0,0,0,0,0,0,0,8,10,13,40,41,40,41,33,18,6,9,19,40,41,40,40,41,11,7,0,0,0,0,0,0,0,0,0,0,0,0,0,0,0,0,Pant
0,0,0,0,0,0,0,0,0,0,0,0,0,0,0,0,0,0,0,0,0,0,1,0,0,0,0,0,1,0,0,1,0,0,0,0,0,0,0,0,0,0,0,0,0,0,0,0,0,0,Pant
0,0,0,0,0,0,0,0,0,0,0,0,0,0,0,0,0,39,37,15,35,30,20,14,10,7,8,41,40,39,38,33,13,8,4,0,0,0,0,0,0,0,0,0,0,0,0,0,0,0,Pant
0,0,0,0,0,0,0,0,0,0,0,0,0,0,0,0,35,40,41,40,36,31,21,17,12,8,10,40,40,41,40,35,27,13,8,0,0,0,0,0,0,0,0,0,0,0,0,0,0,0,Pant
0,0,0,0,0,0,0,0,0,0,0,0,0,0,0,0,5,11,42,41,41,41,27,20,13,6,7,11,18,23,41,40,41,41,10,1,0,0,0,0,0,0,0,0,0,0,0,0,0,0,Pant
0,0,0,0,0,0,0,0,0,0,0,0,0,0,0,0,0,0,0,13,15,35,39,35,25,6,8,15,40,35,19,17,11,0,0,0,0,0,0,0,0,0,0,0,0,0,0,0,0,0,Pant
0,0,0,0,0,0,0,0,0,0,0,0,0,0,0,34,39,39,39,39,35,29,22,16,9,8,7,8,10,19,23,33,39,39,39,39,36,32,0,0,0,0,0,0,0,0,0,0,0,0,Pant
0,0,0,0,0,0,0,0,0,0,0,0,0,0,0,0,0,0,0,0,0,0,0,0,0,0,0,0,0,0,0,0,0,0,0,0,0,0,0,0,0,0,0,0,0,0,0,0,0,0,Pant
0,0,0,0,0,0,0,0,0,0,4,9,12,12,12,8,15,48,48,48,48,48,47,42,7,6,17,8,6,6,47,47,47,48,48,48,48,48,48,11,12,7,0,0,0,0,0,0,0,0,Pant
0,0,0,0,0,0,0,0,0,0,0,0,0,0,0,0,0,9,21,41,40,40,39,39,37,33,10,10,19,32,33,39,39,40,38,37,30,10,1,0,0,0,0,0,0,0,0,0,0,0,Pant
0,0,0,0,0,0,0,0,0,0,2,5,6,8,7,3,0,48,48,48,48,48,47,7,7,7,16,7,5,46,47,47,47,47,47,47,48,48,47,10,11,7,4,0,0,0,0,0,0,0,Pant
0,0,0,0,0,0,0,0,0,0,5,11,10,10,48,48,48,3,45,47,5,5,5,5,6,7,7,7,6,6,47,47,47,48,47,35,48,48,48,11,11,8,5,0,0,0,0,0,0,0,Pant
0,0,0,0,0,0,0,0,0,0,0,0,10,0,5,48,48,48,47,43,47,47,46,35,23,16,14,10,12,38,42,46,47,48,48,48,48,12,4,11,5,4,7,0,0,0,0,0,0,0,Pant
0,0,0,0,0,0,0,0,0,0,0,10,9,10,48,48,48,37,44,47,45,43,32,27,22,18,15,16,20,25,43,45,47,47,48,48,47,48,48,10,10,10,5,0,0,0,0,0,0,0,Pant
0,0,0,0,0,0,0,0,0,2,10,10,10,10,47,47,47,47,47,46,43,41,25,20,17,15,15,17,5,5,43,46,47,47,47,47,47,47,10,10,10,7,3,0,0,0,0,0,0,0,Pant
0,0,0,0,0,0,0,0,0,0,0,0,0,9,47,47,48,47,47,47,47,47,46,27,22,19,17,16,42,46,47,47,47,47,47,47,22,2,0,2,11,11,12,9,6,0,0,0,0,0,Pant
0,0,0,0,0,0,0,0,0,0,0,0,1,2,1,46,46,0,44,3,3,0,3,4,0,0,3,1,2,0,0,0,1,44,47,47,1,1,46,0,0,0,0,0,0,0,0,0,0,0,Pant
0,0,0,0,0,0,0,0,0,0,0,0,1,10,17,40,41,43,41,40,38,29,21,17,14,12,13,20,37,40,41,42,42,44,44,40,1,0,0,0,0,0,0,0,0,0,0,0,0,0,Pant
0,0,0,0,0,0,0,0,0,0,0,0,0,2,2,2,2,1,0,0,0,0,0,0,0,0,0,0,0,0,0,0,0,32,2,3,2,1,0,0,0,0,0,0,0,0,0,0,0,0,Pant
0,0,0,0,0,0,0,0,0,0,0,0,0,0,0,0,0,0,0,49,49,49,49,49,1,1,49,49,49,49,49,0,0,0,0,0,0,0,0,0,0,0,0,0,0,0,0,0,0,0,Kurtha
0,0,0,0,0,0,0,0,0,0,0,0,0,0,0,0,0,0,0,0,49,49,49,49,49,45,1,49,49,49,49,49,49,0,0,0,0,0,0,0,0,0,0,0,0,0,0,0,0,0,Kurtha
0,0,0,0,0,0,0,0,0,0,0,0,0,0,0,0,0,0,0,0,7,49,49,49,49,3,1,49,49,49,49,0,0,0,0,0,0,0,0,0,0,0,0,0,0,0,0,0,0,0,Kurtha
0,0,0,0,0,0,0,0,0,0,0,0,0,0,0,0,0,0,4,23,33,39,45,49,49,49,49,48,49,49,49,49,49,4,5,22,9,5,5,0,0,0,0,0,0,0,0,0,0,0,Kurtha
0,0,0,0,0,0,0,0,0,0,0,0,0,0,0,0,0,0,0,0,40,49,49,49,49,49,1,2,49,49,49,49,49,0,0,0,0,0,0,0,0,0,0,0,0,0,0,0,0,0,Kurtha
0,0,0,0,0,0,0,0,0,0,0,0,0,0,0,0,0,0,0,0,6,49,49,49,49,49,49,49,49,49,49,0,0,0,0,0,0,0,0,0,0,0,0,0,0,0,0,0,0,0,Kurtha
0,0,0,0,0,0,0,0,0,0,0,0,0,0,0,0,0,0,1,2,4,49,49,49,49,48,46,49,49,49,49,0,0,0,0,0,0,0,0,0,0,0,0,0,0,0,0,0,0,0,Kurtha
0,0,0,0,0,0,0,0,0,0,0,0,0,0,0,0,7,11,1,1,49,49,49,49,49,49,49,49,49,49,3,0,0,15,8,2,0,0,0,0,0,0,0,0,0,0,0,0,0,0,Kurtha
0,0,0,0,0,0,0,0,0,0,0,0,0,0,0,0,0,0,3,49,49,49,49,49,2,1,1,9,45,49,49,49,49,0,0,0,0,0,0,0,0,0,0,0,0,0,0,0,0,0,Kurtha
0,0,0,0,0,0,0,0,0,0,0,0,0,0,0,0,0,0,0,49,49,49,49,49,1,1,49,49,49,49,49,0,0,0,0,0,0,0,0,0,0,0,0,0,0,0,0,0,0,0,Kurtha
0,0,0,0,0,0,0,0,0,0,0,0,0,0,0,0,9,49,49,49,49,49,49,43,41,41,41,49,49,49,49,49,48,12,23,14,3,0,0,0,0,0,0,0,0,0,0,0,0,0,Kurtha
0,0,0,0,0,0,0,0,0,0,0,0,0,0,0,0,28,0,48,49,49,49,47,28,28,28,28,28,6,2,1,5,1,0,0,1,0,0,0,0,0,0,0,0,0,0,0,0,0,0,Kurtha
0,0,0,0,0,0,0,0,0,0,0,0,0,0,1,0,0,0,0,49,49,49,49,49,2,1,2,1,49,49,49,49,49,0,0,0,0,0,0,0,0,0,0,0,0,0,0,0,0,0,Kurtha
0,0,0,0,0,0,0,0,0,0,0,0,0,0,0,0,0,0,0,2,49,49,49,49,48,1,49,49,49,49,49,0,0,0,0,0,0,0,0,0,0,0,0,0,0,0,0,0,0,0,Kurtha
0,0,0,0,0,0,0,0,0,0,0,0,0,0,0,0,29,22,21,40,49,49,49,49,48,14,14,13,12,13,36,23,40,47,0,0,0,0,0,0,0,0,0,0,0,0,0,0,0,0,Kurtha
0,0,0,0,0,0,0,0,0,0,0,0,0,0,0,0,0,0,0,49,49,49,49,49,1,1,7,44,44,49,49,49,49,0,0,0,0,0,0,0,0,0,0,0,0,0,0,0,0,0,Kurtha
0,0,0,0,0,0,0,0,0,0,0,0,0,0,0,0,0,0,49,49,49,49,49,3,45,49,49,49,49,49,1,0,2,0,0,0,0,0,0,0,0,0,0,0,0,0,0,0,0,0,Kurtha
0,0,0,0,0,0,0,0,0,0,0,0,0,0,0,0,0,0,0,0,49,49,49,49,49,46,4,49,49,49,49,5,5,0,7,0,0,0,0,0,0,0,0,0,0,0,0,0,0,0,Kurtha
0,0,0,0,0,0,0,0,0,0,0,0,0,0,0,0,0,0,0,49,49,49,49,49,2,0,1,49,49,49,49,49,0,0,0,0,0,0,0,0,0,0,0,0,0,0,0,0,0,0,Kurtha
0,0,0,0,0,0,0,0,0,0,0,0,0,0,0,0,0,0,0,0,49,49,49,49,3,2,49,49,49,49,49,0,0,0,0,0,0,0,0,0,0,0,0,0,0,0,0,0,0,0,Kurtha
0,0,0,0,0,0,0,0,0,0,0,0,0,0,0,0,0,0,44,49,49,49,49,42,1,1,1,2,8,40,49,49,49,49,49,1,0,0,0,0,0,0,0,0,0,0,0,0,0,0,Kurtha
0,0,0,0,0,0,0,0,0,0,0,0,0,0,0,0,0,0,0,0,1,49,49,49,49,49,0,49,49,49,49,49,0,0,0,0,0,0,0,0,0,0,0,0,0,0,0,0,0,0,Kurtha
0,0,0,0,0,0,0,0,0,0,0,0,0,0,0,0,0,0,3,49,49,49,49,49,49,1,49,49,49,49,49,49,0,0,0,0,0,0,0,0,0,0,0,0,0,0,0,0,0,0,Kurtha
0,0,0,0,0,0,0,0,0,0,0,0,0,0,0,0,0,0,0,0,12,49,49,49,49,44,2,49,49,49,49,49,0,0,0,0,0,0,0,0,0,0,0,0,0,0,0,0,0,0,Kurtha
0,0,0,0,0,0,0,0,0,0,0,0,0,0,0,0,0,0,20,26,32,7,49,49,49,49,32,49,49,49,49,21,17,23,12,0,0,0,0,0,0,0,0,0,0,0,0,0,0,0,Kurtha
0,0,0,0,0,0,0,0,0,0,0,0,0,0,0,0,0,0,0,3,5,7,46,49,49,49,49,45,49,49,49,49,49,0,0,0,0,0,0,0,0,0,0,0,0,0,0,0,0,0,Kurtha
0,0,0,0,0,0,0,0,0,0,0,0,0,0,0,0,0,49,49,49,49,49,8,8,1,1,1,9,49,49,49,49,49,0,0,0,0,0,0,0,0,0,0,0,0,0,0,0,0,0,Kurtha
0,0,0,0,0,0,0,0,0,0,0,0,0,0,0,0,0,0,0,0,2,5,7,49,49,49,49,49,47,49,49,49,49,46,0,0,0,0,0,0,0,0,0,0,0,0,0,0,0,0,Kurtha
0,0,0,0,0,0,0,0,0,0,0,0,0,0,0,0,0,0,1,3,49,49,49,49,49,1,0,3,49,49,49,49,49,0,0,0,0,0,0,0,0,0,0,0,0,0,0,0,0,0,Kurtha
0,0,0,0,0,0,0,0,0,0,0,0,0,0,0,0,0,0,0,0,12,49,49,49,49,0,49,49,49,49,49,0,0,0,0,0,0,0,0,0,0,0,0,0,0,0,0,0,0,0,Kurtha
0,0,0,0,0,0,0,0,0,0,0,0,0,0,0,0,0,1,0,0,9,49,49,49,49,48,49,49,49,49,49,5,0,0,0,0,0,0,0,0,0,0,0,0,0,0,0,0,0,0,Kurtha
0,0,0,0,0,0,0,0,0,0,0,0,0,0,0,0,0,5,0,2,49,49,49,49,49,46,49,49,49,49,46,0,0,0,0,0,0,0,0,0,0,0,0,0,0,0,0,0,0,0,Kurtha
0,0,0,0,0,0,0,0,0,0,0,0,0,0,0,0,0,0,0,3,5,7,7,49,49,49,49,49,49,49,49,49,48,0,0,0,0,0,0,0,0,0,0,0,0,0,0,0,0,0,Kurtha
0,0,0,0,0,0,0,0,0,0,0,0,0,0,0,4,6,1,8,36,49,49,49,49,33,16,49,49,49,49,49,33,3,21,19,0,0,0,0,0,0,0,0,0,0,0,0,0,0,0,Kurtha
0,0,0,0,0,0,0,0,0,0,0,0,0,0,0,11,15,4,49,49,49,49,49,49,44,1,0,49,49,49,49,49,48,29,21,16,17,0,0,0,0,0,0,0,0,0,0,0,0,0,Kurtha
0,0,0,0,0,0,0,0,0,0,0,0,0,0,0,0,0,0,0,0,2,12,49,49,49,49,43,0,8,8,48,49,49,49,49,0,0,0,0,0,0,0,0,0,0,0,0,0,0,0,Kurtha
0,0,0,0,0,0,0,0,0,0,0,0,0,0,0,0,0,2,5,7,41,45,49,49,49,49,49,49,49,49,49,49,3,0,0,0,0,0,0,0,0,0,0,0,0,0,0,0,0,0,Kurtha
0,0,0,0,0,0,0,0,0,0,0,0,0,0,0,0,0,10,12,2,49,49,49,49,49,48,33,1,45,49,49,49,49,49,49,10,4,0,0,0,0,0,0,0,0,0,0,0,0,0,Kurtha
0,0,0,0,0,0,0,0,0,0,0,0,0,0,0,0,0,0,0,0,0,49,49,49,49,3,1,1,8,7,5,49,49,49,49,49,0,0,0,0,0,0,0,0,0,0,0,0,0,0,Kurtha
0,0,0,0,0,0,0,0,0,0,0,0,0,0,0,0,0,0,0,0,4,49,49,49,49,3,47,49,49,49,49,0,0,0,0,0,0,0,0,0,0,0,0,0,0,0,0,0,0,0,Kurtha
0,0,0,0,0,0,0,0,0,0,0,0,0,0,1,3,1,10,16,49,49,49,49,49,41,41,46,49,49,49,49,49,22,16,10,0,0,0,0,0,0,0,0,0,0,0,0,0,0,0,Kurtha
0,0,0,0,0,0,0,0,0,0,0,0,0,0,0,0,0,0,0,0,12,49,49,49,49,49,2,49,49,49,49,49,0,0,0,0,0,0,0,0,0,0,0,0,0,0,0,0,0,0,Kurtha
0,0,0,0,0,0,0,0,0,0,0,0,0,0,0,0,0,0,0,1,49,49,49,49,49,49,47,49,49,49,49,49,2,0,0,0,0,0,0,0,0,0,0,0,0,0,0,0,0,0,Kurtha
0,0,0,0,0,0,0,0,0,0,0,0,0,0,0,0,0,0,0,0,4,11,49,49,49,49,47,48,49,49,49,49,0,0,0,0,0,0,0,0,0,0,0,0,0,0,0,0,0,0,Kurtha
0,0,0,0,0,0,0,0,0,0,0,0,0,0,0,0,0,0,3,0,49,49,49,49,49,2,1,3,49,49,49,49,0,0,0,0,0,0,0,0,0,0,0,0,0,0,0,0,0,0,Kurtha
0,0,0,0,0,0,0,0,0,0,0,0,0,0,0,0,0,0,0,0,49,49,49,49,49,1,34,49,49,49,49,49,0,0,3,0,0,0,0,0,0,0,0,0,0,0,0,0,0,0,Kurtha
0,0,0,0,0,0,0,0,0,0,0,0,0,0,0,0,0,0,49,49,49,49,49,8,1,2,2,49,49,49,49,49,0,0,0,0,0,0,0,0,0,0,0,0,0,0,0,0,0,0,Kurtha
0,0,0,0,0,0,0,0,0,0,0,0,0,0,0,0,0,0,49,49,49,49,49,2,1,1,8,8,43,49,49,49,49,49,0,0,0,0,0,0,0,0,0,0,0,0,0,0,0,0,Kurtha
0,0,0,0,0,0,0,0,0,0,0,0,0,0,0,0,0,31,37,49,49,49,49,49,49,49,49,49,49,49,49,49,49,4,1,0,0,0,0,0,0,0,0,0,0,0,0,0,0,0,Kurtha
0,0,0,0,0,0,0,0,0,0,0,0,0,0,0,0,0,1,0,2,49,49,49,49,49,49,49,49,49,49,46,1,0,8,1,0,0,0,0,0,0,0,0,0,0,0,0,0,0,0,Kurtha
0,0,0,0,0,0,0,0,0,0,0,0,0,0,0,0,0,0,1,49,49,49,49,49,0,1,1,2,43,49,49,49,49,49,49,0,0,0,0,0,0,0,0,0,0,0,0,0,0,0,Kurtha
0,0,0,0,0,0,0,0,0,0,0,0,0,0,0,0,0,0,0,0,3,49,49,49,49,49,44,49,49,49,49,49,0,0,0,0,0,0,0,0,0,0,0,0,0,0,0,0,0,0,Kurtha
0,0,0,0,0,0,0,0,0,0,0,0,0,0,0,0,0,0,0,48,49,49,49,49,49,2,1,1,7,49,49,49,49,49,0,0,0,0,0,0,0,0,0,0,0,0,0,0,0,0,Kurtha
0,0,0,0,0,0,0,0,0,0,0,0,0,0,0,0,0,0,49,49,49,49,49,49,2,1,1,49,49,49,49,49,0,0,0,0,0,0,0,0,0,0,0,0,0,0,0,0,0,0,Kurtha
0,0,0,0,0,0,0,0,0,0,0,0,0,1,0,7,29,29,32,49,49,49,49,49,49,49,49,37,40,49,49,49,49,49,49,15,12,4,0,0,0,0,0,0,0,0,0,0,0,0,Kurtha
0,0,0,0,0,0,0,0,0,0,0,0,0,0,0,0,0,2,11,13,5,3,28,15,37,49,15,15,12,12,8,11,0,0,0,0,0,0,0,0,0,0,0,0,0,0,0,0,0,0,Kurtha
0,0,0,0,0,0,0,0,0,0,0,0,0,0,0,0,0,0,0,49,49,49,49,49,1,1,2,49,49,49,49,49,0,4,0,0,0,0,0,0,0,0,0,0,0,0,0,0,0,0,Kurtha
0,0,0,0,0,0,0,0,0,0,0,0,0,0,0,6,10,24,39,49,49,49,49,49,1,1,47,49,49,49,49,40,22,25,3,0,0,0,0,0,0,0,0,0,0,0,0,0,0,0,Kurtha
0,0,0,0,0,0,0,0,0,0,0,0,0,0,0,0,0,0,2,11,49,49,49,49,3,0,0,8,7,49,49,49,49,49,0,0,0,0,0,0,0,0,0,0,0,0,0,0,0,0,Kurtha
0,0,0,0,0,0,0,0,0,0,0,1,0,7,15,13,30,32,33,38,49,49,49,49,49,49,44,49,49,49,49,49,49,29,20,19,11,1,0,0,0,0,0,0,0,0,0,0,0,0,Kurtha
0,0,0,0,0,0,0,0,0,0,0,0,0,0,0,0,0,0,0,11,49,49,49,49,6,1,49,49,49,49,49,0,0,0,0,0,0,0,0,0,0,0,0,0,0,0,0,0,0,0,Kurtha
0,0,0,0,0,0,0,0,0,0,0,0,0,0,0,0,0,0,0,0,4,49,49,49,49,49,45,49,49,49,49,13,0,0,0,0,0,0,0,0,0,0,0,0,0,0,0,0,0,0,Kurtha
0,0,0,0,0,0,0,0,0,0,0,0,0,0,0,0,0,1,1,0,49,49,49,49,49,39,49,49,49,49,49,0,0,0,0,0,0,0,0,0,0,0,0,0,0,0,0,0,0,0,Kurtha
0,0,0,0,0,0,0,0,0,0,0,0,0,0,0,0,0,0,0,2,49,49,49,49,49,49,49,49,49,49,49,2,0,0,0,0,0,0,0,0,0,0,0,0,0,0,0,0,0,0,Kurtha
0,0,0,0,0,0,0,0,0,0,0,0,0,0,0,0,0,0,18,37,40,47,49,49,49,49,46,47,49,49,49,49,28,6,11,16,9,7,0,0,0,0,0,0,0,0,0,0,0,0,Kurtha
0,0,0,0,0,0,0,0,0,0,0,0,0,0,0,0,0,0,0,0,49,49,49,49,49,49,49,49,49,4,0,0,0,0,0,0,0,0,0,0,0,0,0,0,0,0,0,0,0,0,Kurtha
0,0,0,0,0,0,0,0,0,0,0,0,0,0,0,0,0,0,0,0,9,49,49,49,49,49,49,49,49,49,7,4,0,0,0,0,0,0,0,0,0,0,0,0,0,0,0,0,0,0,Kurtha
0,0,0,0,0,0,0,0,0,0,0,0,0,0,0,0,0,0,49,49,49,49,49,45,1,1,1,49,49,49,49,49,49,0,0,0,0,0,0,0,0,0,0,0,0,0,0,0,0,0,Kurtha
0,0,0,0,0,0,0,0,0,0,0,0,0,0,0,0,0,0,0,12,49,49,49,49,45,0,0,49,49,49,49,49,0,0,0,0,0,0,0,0,0,0,0,0,0,0,0,0,0,0,Kurtha
0,0,0,0,0,0,0,0,0,0,0,0,0,0,0,0,2,3,5,4,7,49,49,49,49,14,14,49,49,49,49,13,0,1,24,0,0,0,0,0,0,0,0,0,0,0,0,0,0,0,Kurtha
0,0,0,0,0,0,0,0,0,0,0,0,0,0,0,0,0,0,0,12,49,49,49,49,45,1,49,49,49,49,49,0,0,0,0,0,0,0,0,0,0,0,0,0,0,0,0,0,0,0,Kurtha
0,0,0,0,0,0,0,0,0,0,0,0,0,0,4,2,48,49,49,49,49,49,49,44,2,2,2,49,49,49,49,49,49,0,0,0,0,0,0,0,0,0,0,0,0,0,0,0,0,0,Kurtha
0,0,0,0,0,0,0,0,0,0,0,0,0,0,0,0,0,1,3,48,49,49,49,49,49,49,44,10,14,49,49,49,49,49,49,2,0,0,0,0,0,0,0,0,0,0,0,0,0,0,Kurtha
0,0,0,0,0,0,0,0,0,0,0,0,0,0,0,0,0,0,0,49,49,49,49,47,1,1,1,49,49,49,49,49,0,0,0,0,0,0,0,0,0,0,0,0,0,0,0,0,0,0,Kurtha
0,0,0,0,0,0,0,0,0,0,0,0,0,0,0,0,0,0,2,4,6,43,49,49,49,49,49,49,49,49,49,49,49,1,0,0,0,0,0,0,0,0,0,0,0,0,0,0,0,0,Kurtha
0,0,0,0,0,0,0,0,0,0,0,27,4,6,16,1,49,49,49,49,49,49,49,1,48,49,49,49,49,49,49,0,0,7,0,0,0,0,0,0,0,0,0,0,0,0,0,0,0,0,Kurtha
0,0,0,0,0,0,0,0,0,0,0,0,0,0,0,0,0,0,0,2,12,49,49,49,49,46,3,49,49,49,49,0,0,0,0,0,0,0,0,0,0,0,0,0,0,0,0,0,0,0,Kurtha
0,0,0,0,0,0,0,0,0,0,0,0,0,1,4,5,6,33,36,39,48,48,48,48,48,45,44,44,49,49,49,49,49,32,31,29,13,6,3,0,0,0,0,0,0,0,0,0,0,0,Kurtha
0,0,0,0,0,0,0,0,0,0,0,0,0,0,0,0,0,0,30,35,47,49,49,49,49,45,45,49,49,49,49,43,31,29,18,18,12,2,0,0,0,0,0,0,0,0,0,0,0,0,Kurtha
0,0,0,0,0,0,0,0,0,0,0,0,0,0,0,0,0,0,4,0,0,49,49,49,49,49,49,0,49,49,49,49,49,0,0,0,0,0,0,0,0,0,0,0,0,0,0,0,0,0,Kurtha
0,0,0,0,0,0,0,0,0,0,0,0,0,0,0,0,0,0,1,3,5,43,49,49,49,49,49,49,49,49,49,49,49,0,0,0,0,0,0,0,0,0,0,0,0,0,0,0,0,0,Kurtha
0,0,0,0,0,0,0,0,0,0,0,0,0,0,0,0,0,0,0,49,49,49,49,48,0,49,49,49,49,46,0,0,0,0,0,0,0,0,0,0,0,0,0,0,0,0,0,0,0,0,Kurtha
0,0,0,0,0,0,0,0,0,0,0,0,0,0,0,0,0,49,49,49,49,49,44,8,1,2,1,1,49,49,49,49,49,0,0,0,0,0,0,0,0,0,0,0,0,0,0,0,0,0,Kurtha
0,0,0,0,0,0,0,0,0,0,0,0,0,15,1,49,49,49,49,49,49,49,17,1,49,49,49,49,49,49,49,0,0,0,0,0,0,0,0,0,0,0,0,0,0,0,0,0,0,0,Kurtha
0,0,0,0,0,0,0,0,0,0,0,0,0,0,0,0,0,0,0,49,49,49,49,49,8,2,1,3,49,49,49,49,48,0,0,0,0,0,0,0,0,0,0,0,0,0,0,0,0,0,Kurtha
0,0,0,0,0,0,0,0,0,0,0,0,0,0,0,0,0,29,4,39,49,49,49,49,49,49,49,48,49,49,49,49,49,49,49,0,0,0,0,0,0,0,0,0,0,0,0,0,0,0,Kurtha
0,0,0,0,0,0,0,0,0,0,0,0,0,0,0,0,0,0,11,49,49,49,49,46,2,1,3,49,49,49,49,48,0,0,0,0,0,0,0,0,0,0,0,0,0,0,0,0,0,0,Kurtha
0,0,0,0,0,0,0,0,0,0,0,0,0,0,0,0,0,0,0,0,49,49,49,49,49,2,1,7,12,49,49,49,49,0,0,0,0,0,0,0,0,0,0,0,0,0,0,0,0,0,Kurtha
0,0,0,0,0,0,0,0,0,0,0,0,0,0,0,0,12,12,28,31,49,49,49,49,49,1,2,44,49,49,49,49,49,15,0,0,0,0,0,0,0,0,0,0,0,0,0,0,0,0,Kurtha
0,0,0,0,0,0,0,0,2,0,0,19,17,22,29,49,49,49,49,49,49,49,49,43,42,49,49,49,49,49,49,49,26,24,22,13,1,1,0,0,0,0,0,0,0,0,0,0,0,0,Kurtha
0,0,0,0,0,0,0,0,0,0,0,0,0,0,0,0,0,0,12,49,49,49,49,49,2,2,1,49,49,49,49,49,0,0,0,0,0,0,0,0,0,0,0,0,0,0,0,0,0,0,Kurtha
0,0,0,0,0,0,0,0,0,0,0,0,0,0,0,0,49,49,49,49,49,39,6,7,8,0,0,49,49,49,49,49,0,0,0,0,0,0,0,0,0,0,0,0,0,0,0,0,0,0,Kurtha
0,0,0,0,0,0,0,0,0,0,0,0,0,0,0,0,0,0,0,0,49,49,49,49,49,1,1,44,49,49,49,49,0,0,0,0,0,0,0,0,0,0,0,0,0,0,0,0,0,0,Kurtha
0,0,0,0,0,0,0,0,0,0,0,0,0,0,0,0,0,0,2,0,49,49,49,49,46,49,49,49,49,49,5,1,6,15,0,0,0,0,0,0,0,0,0,0,0,0,0,0,0,0,Kurtha
0,0,0,0,0,0,0,0,0,0,0,0,0,0,0,0,0,0,0,49,49,49,49,49,3,1,1,0,49,49,49,49,49,0,0,0,0,0,0,0,0,0,0,0,0,0,0,0,0,0,Kurtha
0,0,0,0,0,0,0,0,0,0,0,0,0,0,0,0,0,0,49,49,49,49,49,1,1,1,49,49,49,49,49,0,0,0,0,0,0,0,0,0,0,0,0,0,0,0,0,0,0,0,Kurtha
0,0,0,0,0,0,0,0,0,0,0,0,0,0,0,0,0,0,0,0,11,49,49,49,49,3,0,1,47,49,49,49,49,47,0,0,0,0,0,0,0,0,0,0,0,0,0,0,0,0,Kurtha
0,0,0,0,0,0,0,0,0,0,0,0,0,0,0,0,0,0,0,0,0,5,48,49,49,49,49,3,49,49,49,49,0,0,0,0,0,0,0,0,0,0,0,0,0,0,0,0,0,0,Kurtha
0,0,0,0,0,0,0,0,0,0,0,0,0,0,0,0,0,49,49,49,49,49,49,1,49,49,49,49,49,49,0,0,0,0,0,0,0,0,0,0,0,0,0,0,0,0,0,0,0,0,Kurtha
0,0,0,0,0,0,0,0,0,0,0,0,0,0,0,0,0,49,49,49,49,49,2,1,2,47,49,49,49,49,0,0,0,0,0,0,0,0,0,0,0,0,0,0,0,0,0,0,0,0,Kurtha
0,0,0,0,0,0,0,0,0,0,0,0,0,0,0,0,0,0,49,49,49,49,49,4,3,2,49,49,49,49,49,0,0,0,0,0,0,0,0,0,0,0,0,0,0,0,0,0,0,0,Kurtha
0,0,0,0,0,0,0,0,0,0,0,0,0,0,0,0,0,2,3,10,12,13,14,14,14,13,13,13,11,6,0,0,0,0,0,0,0,0,0,0,0,0,0,0,0,0,0,0,0,0,Kurtha
0,0,0,0,0,0,0,0,0,0,0,0,0,0,0,0,0,32,32,49,49,49,49,49,43,42,49,49,49,49,49,32,31,28,0,3,0,0,0,0,0,0,0,0,0,0,0,0,0,0,Kurtha
0,0,0,0,0,0,0,0,0,0,0,0,0,0,0,0,0,0,0,0,49,49,49,49,49,49,1,14,17,49,49,49,49,49,0,2,0,2,2,1,0,0,0,0,0,0,0,0,0,0,Kurtha
0,0,0,0,0,0,0,0,0,0,0,0,0,0,9,25,27,16,18,34,38,39,40,42,43,43,43,43,43,43,42,41,37,36,31,8,7,5,3,1,0,0,0,0,0,0,0,0,0,0,Kurtha
0,0,0,0,0,0,0,0,0,0,0,0,0,0,0,0,0,0,39,49,49,49,49,49,17,37,17,49,49,49,49,49,0,0,0,0,1,0,0,0,0,0,0,0,0,0,0,0,0,0,Kurtha
0,0,0,0,0,0,0,0,0,0,0,0,0,0,1,27,31,32,32,49,49,49,49,49,49,39,41,46,49,49,49,49,49,48,33,31,29,30,1,0,0,0,0,0,0,0,0,0,0,0,Kurtha
0,0,0,0,0,0,0,0,0,0,0,0,0,0,0,10,28,29,27,49,49,49,49,49,49,41,44,49,49,49,49,49,49,48,30,20,3,3,1,0,0,0,0,0,0,0,0,0,0,0,Kurtha
0,0,0,0,0,0,0,0,0,0,0,0,0,0,19,23,29,30,30,49,49,49,49,49,49,38,49,49,49,49,49,49,32,31,23,4,3,2,0,0,0,0,0,0,0,0,0,0,0,0,Kurtha
0,0,0,0,0,0,0,0,0,0,0,0,0,2,3,2,1,47,49,49,49,49,49,13,14,49,49,49,49,49,49,0,0,0,3,3,2,1,0,0,0,0,0,0,0,0,0,0,0,0,Kurtha
0,0,0,0,0,0,0,0,0,0,0,0,0,0,11,9,31,28,32,49,49,49,49,49,48,45,49,49,49,49,49,49,33,29,0,1,3,1,0,0,0,0,0,0,0,0,0,0,0,0,Kurtha
0,0,0,0,0,0,0,0,0,0,0,0,6,9,29,30,31,31,49,49,49,49,49,44,49,49,49,49,49,48,33,33,28,4,4,4,4,7,6,6,4,0,0,0,0,0,0,0,0,0,Kurtha
0,0,0,0,0,0,0,0,0,0,0,0,1,2,3,33,34,49,49,49,49,49,49,44,44,49,49,49,49,49,48,33,33,31,31,30,0,0,0,0,0,0,0,0,0,0,0,0,0,0,Kurtha
0,0,0,0,0,0,0,0,0,0,0,0,0,1,0,20,28,49,49,49,49,49,49,1,2,49,49,49,49,49,24,32,22,0,0,0,0,0,0,0,0,0,0,0,0,0,0,0,0,0,Kurtha
0,0,0,0,0,0,0,0,0,0,0,0,0,0,3,9,26,25,3,3,2,7,8,9,3,3,2,2,8,9,6,27,26,18,2,0,0,0,0,0,0,0,0,0,0,0,0,0,0,0,Kurtha
0,0,0,0,0,0,0,0,0,0,0,0,0,0,0,0,25,24,49,49,49,49,49,15,15,18,49,49,49,49,49,6,16,0,1,0,0,0,0,0,0,0,0,0,0,0,0,0,0,0,Kurtha
0,0,0,0,0,0,0,0,0,0,0,0,0,0,0,0,0,48,49,49,49,49,49,17,21,49,49,49,49,49,48,0,0,0,0,0,0,0,0,0,0,0,0,0,0,0,0,0,0,0,Kurtha
0,0,0,0,0,0,0,0,0,0,0,0,0,0,0,0,0,14,49,49,49,49,49,49,44,44,48,49,49,49,49,49,33,27,13,13,0,0,0,0,0,0,0,0,0,0,0,0,0,0,Kurtha
0,0,0,0,0,0,0,0,0,0,0,0,0,0,0,0,0,0,0,0,2,9,12,10,9,3,2,2,13,12,10,7,0,0,0,0,0,0,0,0,0,0,0,0,0,0,0,0,0,0,Kurtha
0,0,0,0,0,0,0,0,0,0,0,0,0,1,3,27,29,32,49,49,49,49,49,47,42,42,49,49,49,49,49,32,31,31,32,4,1,0,0,0,0,0,0,0,0,0,0,0,0,0,Kurtha
0,0,0,0,0,0,0,0,0,0,0,0,0,0,12,14,19,31,24,44,46,47,48,42,42,14,45,42,40,45,27,0,0,0,0,0,0,0,0,0,0,0,0,0,0,0,0,0,0,0,Kurtha
0,0,0,0,0,0,0,0,0,0,0,0,0,0,0,45,49,49,49,49,49,41,42,41,42,49,49,49,49,49,42,33,32,12,8,0,0,0,0,0,0,0,0,0,0,0,0,0,0,0,Kurtha
0,0,0,0,0,0,0,0,0,0,0,0,0,0,27,28,45,30,45,46,33,8,41,42,2,44,46,46,32,16,39,31,30,28,1,0,0,0,0,0,0,0,0,0,0,0,0,0,0,0,Kurtha
0,0,0,0,0,0,0,0,0,0,0,0,0,0,1,5,13,17,27,30,31,46,46,46,47,44,44,44,44,44,43,42,41,33,32,32,5,5,5,6,0,0,0,0,0,0,0,0,0,0,Kurtha
0,0,0,0,0,0,0,0,0,0,0,0,0,0,0,0,0,49,49,49,49,49,9,3,49,49,49,49,49,7,0,0,0,0,0,0,0,0,0,0,0,0,0,0,0,0,0,0,0,0,Kurtha
0,0,0,0,0,0,0,0,0,0,0,0,0,0,0,1,4,4,49,49,49,49,49,4,3,49,49,49,49,49,1,0,1,4,0,0,0,0,0,0,0,0,0,0,0,0,0,0,0,0,Kurtha
0,0,0,0,0,0,0,0,0,0,0,0,0,0,0,0,20,17,49,49,49,49,10,3,3,49,49,49,49,49,1,2,25,20,0,0,0,0,0,0,0,0,0,0,0,0,0,0,0,0,Kurtha
0,0,0,0,0,0,0,0,0,0,0,0,0,0,0,48,49,49,49,49,13,9,49,49,49,49,49,45,9,8,27,2,0,0,0,0,0,0,0,0,0,0,0,0,0,0,0,0,0,0,Kurtha
0,0,0,0,0,0,0,0,0,0,0,0,0,0,0,6,10,31,33,49,49,49,49,2,2,49,49,49,49,48,0,23,32,7,0,0,0,0,0,0,0,0,0,0,0,0,0,0,0,0,Kurtha
0,0,0,0,0,0,0,0,0,0,0,0,0,0,0,0,7,49,49,49,49,49,45,3,17,49,49,49,49,49,36,1,0,0,0,0,0,0,0,0,0,0,0,0,0,0,0,0,0,0,Kurtha
0,0,0,0,0,0,0,0,0,0,0,0,0,0,0,0,0,0,49,49,49,49,49,34,23,33,34,36,49,49,49,49,49,48,34,26,25,24,19,0,0,0,0,0,0,0,0,0,0,0,Kurtha
0,0,0,0,0,0,0,0,0,0,0,0,0,0,0,0,0,0,49,49,49,49,48,49,49,49,49,49,2,1,0,0,0,0,0,0,0,0,0,0,0,0,0,0,0,0,0,0,0,0,Kurtha
0,0,0,0,0,0,0,0,0,0,0,0,0,0,0,49,49,49,49,49,47,49,49,49,49,49,6,0,0,0,1,0,0,0,0,0,0,0,0,0,0,0,0,0,0,0,0,0,0,0,Kurtha
0,0,0,0,0,0,0,0,0,0,0,0,0,0,0,0,0,0,0,49,49,49,49,49,2,1,1,0,48,49,49,49,49,0,0,0,0,0,0,0,0,0,0,0,0,0,0,0,0,0,Kurtha
